[
  {
    "sessionId": 1735983958130,
    "sessionName": "1",
    "drivers": [
      {
        "driverName": "1",
        "carNumber": "1"
      },
      {
        "driverName": "2",
        "carNumber": "2"
      },
      {
        "driverName": "3",
        "carNumber": "3"
      },
      {
        "driverName": "4",
        "carNumber": "4"
      },
      {
        "driverName": "5",
        "carNumber": "5"
      },
      {
        "driverName": "6",
        "carNumber": "6"
      },
      {
        "driverName": "7",
        "carNumber": "7"
      },
      {
        "driverName": "8",
        "carNumber": "8"
      }
    ]
  },
  {
    "sessionId": 1735984489781,
    "sessionName": "1",
    "drivers": [
      {
        "driverName": "a",
        "carNumber": "1"
      },
      {
        "driverName": "b",
        "carNumber": "2"
      }
    ]
  },
  {
    "sessionId": 1735984620129,
    "sessionName": "1",
    "drivers": [
      {
        "driverName": "a",
        "carNumber": "1"
      },
      {
        "driverName": "b",
        "carNumber": "2"
      }
    ]
  }
]