Helsinki,Uusimaa
Espoo,Uusimaa
Tampere,Pirkanmaa
Vantaa,Uusimaa
Oulu,North Ostrobothnia
Turku,Southwest Finland
Jyväskylä,Central Finland
Lahti,Päijät-Häme
Kuopio,Northern Savonia
Kouvola,Kymenlaakso
Pori,Satakunta
Joensuu,North Karelia
Lappeenranta,South Karelia
Hämeenlinna,Kanta-Häme
Vaasa,Ostrobothnia
Rovaniemi,Lapland
Seinäjoki,South Ostrobothnia
Mikkeli,South Savonia
Kotka,Kymenlaakso
Salo,Southwest Finland
Porvoo,Uusimaa
Kokkola,Central Ostrobothnia
Lohja,Uusimaa
Hyvinkää,Uusimaa
Järvenpää,Uusimaa
Nurmijärvi,Uusimaa
Rauma,Satakunta
Kirkkonummi,Uusimaa
Tuusula,Uusimaa
Kajaani,Kainuu
Savonlinna,South Savonia
Riihimäki,Kanta-Häme
Vihti,Uusimaa
Raisio,Southwest Finland
Karhula,Kymenlaakso
Raahe,North Ostrobothnia
Ylöjärvi,Pirkanmaa
Hamina,Kymenlaakso
Kaarina,Southwest Finland
Tornio,Lapland
Heinola,Päijät-Häme
Hollola,Päijät-Häme
Valkeakoski,Pirkanmaa
Siilinjärvi,Northern Savonia
Kuusamo,North Ostrobothnia
Sastamala,Pirkanmaa
Kemi,Lapland
Iisalmi,Northern Savonia
Varkaus,Northern Savonia
Raisio,Southwest Finland
Mäntsälä,Uusimaa
Forssa,Kanta-Häme
Kangasala,Pirkanmaa
Rovaniemi,Lapland
Pietarsaari,Ostrobothnia
Imatra,South Karelia
Naantali,Southwest Finland
Kauhajoki,South Ostrobothnia
Uusikaupunki,Southwest Finland
Kankaanpää,Satakunta
Orimattila,Päijät-Häme
Lieto,Southwest Finland
Nokia,Pirkanmaa
Keuruu,Central Finland
Pieksämäki,South Savonia
Jämsä,Central Finland
Outokumpu,North Karelia
Kitee,North Karelia
Lieksa,North Karelia
Nurmes,North Karelia
Kontiolahti,North Karelia
Liperi,North Karelia
Polvijärvi,North Karelia
Ilomantsi,North Karelia
Juuka,North Karelia
Tohmajärvi,North Karelia
Rääkkylä,North Karelia
Kuhmo,Kainuu
Sotkamo,Kainuu
Paltamo,Kainuu
Ristijärvi,Kainuu
Hyrynsalmi,Kainuu
Suomussalmi,Kainuu
Puolanka,Kainuu
Vaala,Kainuu
