Ball Games,Football
Ball Games,Basketball
Ball Games,Volleyball
Ball Games,Tennis
Ball Games,Baseball
Ball Games,Cricket
Ball Games,Rugby
Ball Games,Handball
Ball Games,Softball
Ball Games,Dodgeball
Water Sports,Swimming
Water Sports,Surfing
Water Sports,Water Polo
Water Sports,Diving
Water Sports,Rowing
Water Sports,Sailing
Water Sports,Kayaking
Water Sports,Snorkeling
Water Sports,Scuba Diving
Water Sports,Wakeboarding
Outdoor Activities,Hiking
Outdoor Activities,Cycling
Outdoor Activities,Camping
Outdoor Activities,Rock Climbing
Outdoor Activities,Fishing
Outdoor Activities,Bird Watching
Outdoor Activities,Geocaching
Outdoor Activities,Orienteering
Outdoor Activities,Trail Running
Outdoor Activities,Backpacking
Indoor Activities,Reading
Indoor Activities,Painting
Indoor Activities,Chess
Indoor Activities,Cooking
Indoor Activities,Yoga
Indoor Activities,Knitting
Indoor Activities,Scrapbooking
Indoor Activities,Model Building
Indoor Activities,Board Games
Indoor Activities,Puzzles
Music,Playing Guitar
Music,Playing Piano
Music,Singing
Music,Drumming
Music,Composing
Music,Playing Violin
Music,Playing Flute
Music,Playing Saxophone
Music,Playing Trumpet
Music,Playing Cello
Card Games,Poker
Card Games,Bridge
Card Games,Hearts
Card Games,Spades
Card Games,Blackjack
Card Games,Solitaire
Card Games,Uno
Card Games,Go Fish
Card Games,Canasta
Card Games,Rummy
Board Games,Monopoly
Board Games,Chess
Board Games,Checkers
Board Games,Settlers of Catan
Board Games,Clue
Board Games,Trivial Pursuit
Board Games,Ticket to Ride
Board Games,Carcassonne
Board Games,The Game of Life
Board Games,Scattergories
Team Sports,Soccer
Team Sports,Basketball
Team Sports,Baseball
Team Sports,Volleyball
Team Sports,Rugby
Team Sports,Cricket
Team Sports,Field Hockey
Team Sports,Ice Hockey
Team Sports,Handball
Team Sports,Ultimate Frisbee
Racquet Sports,Tennis
Racquet Sports,Badminton
Racquet Sports,Squash
Racquet Sports,Table Tennis
Racquet Sports,Paddle Tennis
Racquet Sports,Pickleball
Racquet Sports,Racquetball
Racquet Sports,Beach Tennis
Racquet Sports,Platform Tennis
Racquet Sports,Speedminton
Dance,Ballroom Dancing
Dance,Salsa
Dance,Hip Hop
Dance,Ballet
Dance,Contemporary
Dance,Tango
Dance,Tap Dance
Dance,Jazz Dance
Dance,Folk Dance
Dance,Line Dance
Martial Arts,Karate
Martial Arts,Taekwondo
Martial Arts,Judo
Martial Arts,Jiu-Jitsu
Martial Arts,Kung Fu
Martial Arts,Aikido
Martial Arts,Muay Thai
Martial Arts,Krav Maga
Martial Arts,Capoeira
Martial Arts,Sambo
Fitness,Running
Fitness,Weightlifting
Fitness,CrossFit
Fitness,Pilates
Fitness,Spinning
Fitness,Zumba
Fitness,Bodybuilding
Fitness,Calisthenics
Fitness,HIIT
Fitness,Stretching
Crafts,Knitting
Crafts,Crocheting
Crafts,Quilting
Crafts,Sewing
Crafts,Embroidery
Crafts,Woodworking
Crafts,Pottery
Crafts,Jewelry Making
Crafts,Glass Blowing
Crafts,Leatherworking
Collecting,Stamp Collecting
Collecting,Coin Collecting
Collecting,Antique Collecting
Collecting,Comic Book Collecting
Collecting,Art Collecting
Collecting,Card Collecting
Collecting,Autograph Collecting
Collecting,Vintage Toy Collecting
Collecting,Shell Collecting
Collecting,Rock Collecting
Technology,Programming
Technology,Robotics
Technology,3D Printing
Technology,Electronics
Technology,Drone Flying
Technology,Virtual Reality
Technology,Augmented Reality
Technology,App Development
Technology,Web Development
Technology,Game Development
Writing,Creative Writing
Writing,Poetry
Writing,Journalism
Writing,Blogging
Writing,Screenwriting
Writing,Technical Writing
Writing,Copywriting
Writing,Editing
Writing,Grant Writing
Writing,Travel Writing
Gardening,Vegetable Gardening
Gardening,Flower Gardening
Gardening,Herb Gardening
Gardening,Container Gardening
Gardening,Hydroponic Gardening
Gardening,Organic Gardening
Gardening,Indoor Gardening
Gardening,Community Gardening
Gardening,Landscape Gardening
Gardening,Bonsai Gardening
Photography,Portrait Photography
Photography,Landscape Photography
Photography,Wildlife Photography
Photography,Macro Photography
Photography,Street Photography
Photography,Astrophotography
Photography,Event Photography
Photography,Travel Photography
Photography,Underwater Photography
Photography,Architectural Photography
Travel,Backpacking
Travel,Camping
Travel,Road Trips
Travel,Cruising
Travel,Adventure Travel
Travel,Ecotourism
Travel,Cultural Travel
Travel,Food Travel
Travel,Historical Travel
Travel,Volunteer Travel
